Slide_Ranch,Pescadero,Pigeon_Point,Aliso_Beach,La_Jolla,Bird_Rock
0,-0.000307966378925501,0.0103017452736862,0.0157177049479241,0.0124570891984791,0.0217467578805642
-0.000307966378925501,0,0.00294119832367756,0.0109930876482292,0.00565736428508653,0.0124261177917028
0.0103017452736862,0.00294119832367756,0,0.0120340105699924,0.00791716458560175,0.0190481138733964
0.0157177049479241,0.0109930876482292,0.0120340105699924,0,0.00211232436412908,0.00749169024079657
0.0124570891984791,0.00565736428508653,0.00791716458560175,0.00211232436412908,0,0.00656898897519545
0.0217467578805642,0.0124261177917028,0.0190481138733964,0.00749169024079657,0.00656898897519545,0
